{
  "num_rows": 614,
  "features": {
    "NumTimesPrg": {
      "type": "continuous",
      "group": "default",
      "statistics": {
        "cnt": 614,
        "min": 0,
        "max": 17,
        "mean": 3.8338762214983713,
        "std": 3.351565188003149,
        "skew": 0.9591794555331505,
        "kurt": 0.38617674508859723,
        "ste": 0.13525816315256117,
        "cv": 87.41975469133106,
        "var": 11.232989209434583,
        "sum": 2354,
        "uss": 15922,
        "css": 6897.055374592834,
        "histogram": {
          "edges": [
            0,
            1.7,
            3.4,
            5.1,
            6.8,
            8.5,
            10.2,
            11.9,
            13.6,
            15.299999999999999,
            17
          ],
          "values": [
            189,
            149,
            109,
            39,
            60,
            39,
            9,
            16,
            3,
            1
          ]
        }
      },
      "importance": 151
    },
    "PlGlcConc": {
      "type": "continuous",
      "group": "default",
      "statistics": {
        "cnt": 614,
        "min": 0,
        "max": 198,
        "mean": 120.02117263843648,
        "std": 31.278790640013433,
        "skew": 0.17816870398392556,
        "kurt": 0.7272272966048773,
        "ste": 1.2623092585952012,
        "cv": 26.061060688217673,
        "var": 978.3627439017921,
        "sum": 73693,
        "uss": 9445435,
        "css": 600714.7247557003,
        "histogram": {
          "edges": [
            0,
            19.8,
            39.6,
            59.400000000000006,
            79.2,
            99,
            118.80000000000001,
            138.6,
            158.4,
            178.20000000000002,
            198
          ],
          "values": [
            4,
            3,
            0,
            24,
            116,
            179,
            128,
            83,
            43,
            34
          ]
        }
      },
      "importance": 299
    },
    "BloodP": {
      "type": "continuous",
      "group": "default",
      "statistics": {
        "cnt": 614,
        "min": 0,
        "max": 122,
        "mean": 69.31758957654723,
        "std": 19.301274621315773,
        "skew": -1.8481841133221772,
        "kurt": 5.361749077334062,
        "ste": 0.7789360508717232,
        "cv": 27.844699648710993,
        "var": 372.53920200744835,
        "sum": 42561,
        "uss": 3178965,
        "css": 228739.07003257328,
        "histogram": {
          "edges": [
            0,
            12.2,
            24.4,
            36.599999999999994,
            48.8,
            61,
            73.19999999999999,
            85.39999999999999,
            97.6,
            109.8,
            122
          ],
          "values": [
            28,
            1,
            0,
            8,
            88,
            205,
            197,
            71,
            11,
            5
          ]
        }
      },
      "importance": 261
    },
    "SkinThick": {
      "type": "continuous",
      "group": "default",
      "statistics": {
        "cnt": 614,
        "min": 0,
        "max": 99,
        "mean": 20.54885993485342,
        "std": 15.92490695629651,
        "skew": 0.14516924222893346,
        "kurt": -0.31149603374392637,
        "ste": 0.6426769412077108,
        "cv": 77.49776389923164,
        "var": 253.60266156670096,
        "sum": 12617,
        "uss": 414977,
        "css": 155712.0342019544,
        "histogram": {
          "edges": [
            0,
            9.9,
            19.8,
            29.700000000000003,
            39.6,
            49.5,
            59.400000000000006,
            69.3,
            79.2,
            89.10000000000001,
            99
          ],
          "values": [
            183,
            87,
            131,
            145,
            58,
            7,
            2,
            1,
            0,
            0
          ]
        }
      },
      "importance": 167
    },
    "TwoHourSerIns": {
      "type": "continuous",
      "group": "default",
      "statistics": {
        "cnt": 614,
        "min": 0,
        "max": 744,
        "mean": 77.66123778501628,
        "std": 113.75420339772197,
        "skew": 2.244705407025961,
        "kurt": 6.461179245957008,
        "ste": 4.590746036369277,
        "cv": 146.4748781272571,
        "var": 12940.018790650298,
        "sum": 47684,
        "uss": 11648370,
        "css": 7945171.537459283,
        "histogram": {
          "edges": [
            0,
            74.4,
            148.8,
            223.20000000000002,
            297.6,
            372,
            446.40000000000003,
            520.8000000000001,
            595.2,
            669.6,
            744
          ],
          "values": [
            382,
            112,
            67,
            24,
            9,
            5,
            8,
            4,
            1,
            2
          ]
        }
      },
      "importance": 146
    },
    "BMI": {
      "type": "continuous",
      "group": "default",
      "statistics": {
        "cnt": 614,
        "min": 0,
        "max": 67.1,
        "mean": 31.987785016286633,
        "std": 7.867783481893319,
        "skew": -0.5915888582683316,
        "kurt": 3.808163995195128,
        "ste": 0.31751790048785783,
        "cv": 24.596212203775362,
        "var": 61.90201691795336,
        "sum": 19640.499999999993,
        "uss": 666263.9300000007,
        "css": 38007.838387623364,
        "histogram": {
          "edges": [
            0,
            6.71,
            13.42,
            20.13,
            26.84,
            33.55,
            40.26,
            46.97,
            53.68,
            60.39,
            67.1
          ],
          "values": [
            10,
            10,
            0,
            123,
            212,
            188,
            61,
            7,
            2,
            1
          ]
        }
      },
      "importance": 315
    },
    "DiPedFunc": {
      "type": "continuous",
      "group": "default",
      "statistics": {
        "cnt": 614,
        "min": 0.078,
        "max": 2.42,
        "mean": 0.4691889250814334,
        "std": 0.3307153683472529,
        "skew": 1.8928088790262712,
        "kurt": 5.481981899977337,
        "ste": 0.013346586069424848,
        "cv": 70.48661011976216,
        "var": 0.10937265486105918,
        "sum": 288.0820000000001,
        "uss": 202.31969399999988,
        "css": 67.15481008469034,
        "histogram": {
          "edges": [
            0.07,
            0.31,
            0.55,
            0.78,
            1.01,
            1.25,
            1.48,
            1.72,
            1.95,
            2.19,
            2.42
          ],
          "values": [
            260,
            162,
            105,
            48,
            19,
            12,
            3,
            2,
            1,
            2
          ]
        }
      },
      "importance": 389
    },
    "Age": {
      "type": "continuous",
      "group": "default",
      "statistics": {
        "cnt": 614,
        "min": 21,
        "max": 81,
        "mean": 32.95928338762215,
        "std": 11.656035475425682,
        "skew": 1.172120847851258,
        "kurt": 0.7956134093989097,
        "ste": 0.47039930886335685,
        "cv": 35.364954202260066,
        "var": 135.86316300438202,
        "sum": 20237,
        "uss": 750417,
        "css": 83419.98208469055,
        "histogram": {
          "edges": [
            21,
            27,
            33,
            39,
            45,
            51,
            57,
            63,
            69,
            75,
            81
          ],
          "values": [
            248,
            122,
            77,
            62,
            45,
            23,
            20,
            13,
            3,
            1
          ]
        }
      },