{
  "num_rows": 614,
  "features": {
    "numtimesprg": {
      "type": "continuous",
      "group": "default",
      "statistics": {
        "cnt": 614.0,
        "min": 0.0,
        "max": 17.0,
        "mean": 3.8452768729641695,
        "std": 3.3919576522816888,
        "skew": 0.8874996935963216,
        "kurt": 0.13461289053865813,
        "ste": 0.1368882703463812,
        "cv": 88.2110122194391,
        "var": 11.505376714872307,
        "sum": 2361.0,
        "uss": 16143.0,
        "css": 7064.301302931596,
        "histogram": {
          "edges": [
            0.0,
            1.7,
            3.4,
            5.1,
            6.8,
            8.5,
            10.2,
            11.9,
            13.6,
            15.299999999999999,
            17.0
          ],
          "values": [
            201.0,
            138.0,
            99.0,
            37.0,
            69.0,
            44.0,
            9.0,
            14.0,
            2.0,
            1.0
          ]
        }
      }
    },
    "age": {
      "type": "continuous",
      "group": "default",
      "statistics": {
        "cnt": 614.0,
        "min": 21.0,
        "max": 81.0,
        "mean": 33.66775244299674,
        "std": 12.081712935533224,
        "skew": 1.0977639989038814,
        "kurt": 0.5351996515267704,
        "ste": 0.48757825306402075,
        "cv": 35.885118722994385,
        "var": 145.96778745663084,
        "sum": 20672.0,
        "uss": 785604.0,
        "css": 89624.22149837133,
        "histogram": {
          "edges": [
            21.0,
            27.0,
            33.0,
            39.0,
            45.0,
            51.0,
            57.0,
            63.0,
            69.0,
            75.0,
            81.0
          ],
          "values": [
            235.0,
            123.0,
            69.0,
            74.0,
            41.0,
            30.0,
            22.0,
            15.0,
            4.0,
            1.0
          ]
        }
      }
    },
    "plglcconc": {
      "type": "continuous",
      "group": "default",
      "statistics": {
        "cnt": 614.0,
        "min": 0.0,
        "max": 199.0,
        "mean": 119.84527687296416,
        "std": 31.32643879527884,
        "skew": 0.19283861328207444,
        "kurt": 0.8485394200296901,
        "ste": 1.2642321816467579,
        "cv": 26.139068315962774,
        "var": 981.3457675943512,
        "sum": 73585.0,
        "uss": 9421361.0,
        "css": 602546.3013029316,
        "histogram": {
          "edges": [
            0.0,
            19.9,
            39.8,
            59.699999999999996,
            79.6,
            99.5,
            119.39999999999999,
            139.29999999999998,
            159.2,
            179.1,
            199.0
          ],
          "values": [
            4.0,
            3.0,
            0.0,
            27.0,
            130.0,
            169.0,
            134.0,
            75.0,
            39.0,
            33.0
          ]
        }
      }
    },
    "bloodp": {
      "type": "continuous",
      "group": "default",
      "statistics": {
        "cnt": 614.0,
        "min": 0.0,
        "max": 122.0,
        "mean": 69.12052117263843,
        "std": 19.60626609241763,
        "skew": -1.8119184878119863,
        "kurt": 5.110077283035143,
        "ste": 0.7912445049355431,
        "cv": 28.36533313087753,
        "var": 384.4056700866853,
        "sum": 42440.0,
        "uss": 3169500.0,
        "css": 236025.08143322475,
        "histogram": {
          "edges": [
            0.0,
            12.2,
            24.4,
            36.599999999999994,
            48.8,
            61.0,
            73.19999999999999,
            85.39999999999999,
            97.6,
            109.8,
            122.0
          ],
          "values": [
            29.0,
            1.0,
            1.0,
            9.0,
            82.0,
            211.0,
            198.0,
            65.0,
            13.0,
            5.0
          ]
        }
      }
    },
    "skinthick": {
      "type": "continuous",
      "group": "default",
      "statistics": {
        "cnt": 614.0,
        "min": 0.0,
        "max": 99.0,
        "mean": 19.920195439739413,
        "std": 16.039197181152023,
        "skew": 0.16793725845415836,
        "kurt": -0.41793185252251697,
        "ste": 0.6472893193096149,
        "cv": 80.51726816472359,
        "var": 257.25584621587495,
        "sum": 12231.0,
        "uss": 401599.0,
        "css": 157955.08957654724,
        "histogram": {
          "edges": [
            0.0,
            9.9,
            19.8,
            29.700000000000003,
            39.6,
            49.5,
            59.400000000000006,
            69.3,
            79.2,
            89.10000000000001,
            99.0
          ],
          "values": [
            198.0,
            81.0,
            125.0,
            144.0,
            58.0,
            6.0,
            1.0,
            1.0,
            0.0,
            0.0
          ]
        }
      }
    },
    "twohourserins": {
      "type": "continuous",
      "group": "default",
      "statistics": {
        "cnt": 614.0,
        "min": 0.0,
        "max": 846.0,
        "mean": 76.51628664495114,
        "std": 113.29651317499425,
        "skew": 2.4880472766046964,
        "kurt": 8.978363285158567,
        "ste": 4.572275162211546,
        "cv": 148.0684938367563,
        "var": 12836.099897611646,
        "sum": 46981.0,
        "uss": 11476177.0,
        "css": 7881365.33713355,
        "histogram": {
          "edges": [
            0.0,
            84.6,
            169.2,
            253.79999999999998,
            338.4,
            423.0,
            507.59999999999997,
            592.1999999999999,
            676.8,
            761.4,
            846.0
          ],
          "values": [
            398.0,
            120.0,
            55.0,
            23.0,
            6.0,
            4.0,
            4.0,
            1.0,
            2.0,
            1.0
          ]
        }
      }
    },
    "bmi": {
      "type": "continuous",
      "group": "default",
      "statistics": {
        "cnt": 614.0,
        "min": 0.0,
        "max": 67.1,
        "mean": 31.901791530944628,
        "std": 7.834739313652506,
        "skew": -0.482576486061612,
        "kurt": 3.3913853097884217,
        "ste": 0.3161843463874766,
        "cv": 24.55893207769487,
        "var": 61.383140112892136,
        "sum": 19587.7,
        "uss": 662571.9699999999,
        "css": 37689.24802931577,
        "histogram": {
          "edges": [
            0.0,
            6.71,
            13.42,
            20.13,
            26.84,
            33.55,
            40.26,
            46.97,
            53.68,
            60.39,
            67.1
          ],
          "values": [
            9.0,
            13.0,
            0.0,
            125.0,
            217.0,
            176.0,
            63.0,
            9.0,
            1.0,
            1.0
          ]
        }
      }
    },
    "dipedfunc": {
      "type": "continuous",
      "group": "default",
      "statistics": {
        "cnt": 614.0,
        "min": 0.078,
        "max": 2.329,
        "mean": 0.46553908794788285,
        "std": 0.32051236608108347,
        "skew": 1.7669070323460754,
        "kurt": 4.628085251279715,
        "ste": 0.012934826408564509,
        "cv": 68.84757357194566,
        "var": 0.10272817681089447,
        "sum": 285.84100000000007,
        "uss": 196.145259,
        "css": 63.0751005618892,
        "histogram": {
          "edges": [
            0.07,
            0.31,
            0.55,
            0.78,
            1.01,
            1.25,
            1.48,
            1.72,
            1.95,
            2.19,
            2.42
          ],